<features xmlns='http://karaf.apache.org/xmlns/features/v1.2.0' name='hibernate-osgi'>
  <feature name='hibernate-orm' description='Combines all Hibernate core dependencies and required modules into a single feature' version='5.2.1.Final'>
    <bundle>mvn:org.apache.servicemix.bundles/org.apache.servicemix.bundles.antlr/2.7.7_5</bundle>
    <bundle>mvn:org.jboss.logging/jboss-logging/3.3.0.Final</bundle>
    <bundle dependency='true'>mvn:org.hibernate.javax.persistence/hibernate-jpa-2.1-api/1.0.0.Final</bundle>
    <bundle>mvn:org.javassist/javassist/3.20.0-GA</bundle>
    <bundle dependency='true'>mvn:org.apache.geronimo.specs/geronimo-jta_1.1_spec/1.1.1</bundle>
    <bundle>mvn:org.jboss/jandex/2.0.0.Final</bundle>
    <bundle>mvn:com.fasterxml/classmate/1.3.0</bundle>
    <bundle>mvn:org.apache.servicemix.bundles/org.apache.servicemix.bundles.dom4j/1.6.1_5</bundle>
    <bundle>mvn:org.hibernate.common/hibernate-commons-annotations/5.0.1.Final</bundle>
    <bundle>wrap:mvn:javax.el/el-api/2.2</bundle>
    <bundle>wrap:mvn:org.jboss.spec.javax.interceptor/jboss-interceptors-api_1.1_spec/1.0.0.Beta1</bundle>
    <bundle>wrap:mvn:javax.annotation/jsr250-api/1.0</bundle>
    <bundle>wrap:mvn:javax.inject/javax.inject/1</bundle>
    <bundle>wrap:mvn:javax.enterprise/cdi-api/1.1-PFD</bundle>
    <bundle>mvn:org.hibernate/hibernate-core/5.2.1.Final</bundle>
    <bundle>mvn:org.hibernate/hibernate-osgi/5.2.1.Final</bundle>
  </feature>
  <feature name='hibernate-envers' description='Feature for easily adding Envers support to hibernate-orm' version='5.2.1.Final'>
    <feature>hibernate-orm</feature>
    <bundle>mvn:org.hibernate/hibernate-envers/5.2.1.Final</bundle>
  </feature>
  <feature name='hibernate-infinispan' description='Feature for easily adding Infinispan-based caching support to hibernate-orm' version='5.2.1.Final'>
    <feature>hibernate-orm</feature>
    <bundle dependency='true'>mvn:org.infinispan/infinispan-commons/8.1.0.Final</bundle>
    <bundle dependency='true'>mvn:org.jgroups/jgroups/3.6.4.Final</bundle>
    <bundle>mvn:org.jboss.marshalling/jboss-marshalling-osgi/1.4.10.Final</bundle>
    <bundle>mvn:org.infinispan/infinispan-core/8.1.0.Final</bundle>
    <bundle>mvn:org.hibernate/hibernate-infinispan/5.2.1.Final</bundle>
  </feature>
  <feature name='hibernate-ehcache' description='Feature for easily adding Ehcache-based caching support to hibernate-orm' version='5.2.1.Final'>
    <feature>hibernate-orm</feature>
    <bundle>mvn:org.slf4j/slf4j-api/1.7.7</bundle>
    <bundle dependency='true'>mvn:net.sf.ehcache/ehcache/2.10.1</bundle>
    <bundle>mvn:org.hibernate/hibernate-ehcache/5.2.1.Final</bundle>
  </feature>
</features>