<?xml version="1.0" encoding="UTF-8" standalone="no"?><TTGS College_Name="IFI" Department_Name="IFI"><Days_List><Day><Name>Lundi</Name></Day><Day><Name>Mardi</Name></Day><Day><Name>Mercredi</Name></Day><Day><Name>Jeudi</Name></Day></Days_List><Hours_List><Hour><Name>8.30</Name></Hour><Hour><Name>9.30</Name></Hour><Hour><Name>10.30</Name></Hour><Hour><Name>11.30</Name></Hour><Hour><Name>12.30</Name></Hour><Hour><Name>13.30</Name></Hour></Hours_List><Students_List><Student><Name>M1</Name><Strength>20</Strength><Group ID="0"><Name>G1</Name><Strength>10</Strength></Group><Group ID="1"><Name>G2</Name><Strength>10</Strength></Group></Student></Students_List><Teachers_List><Teacher><Name>Jean</Name><Type>Prof</Type></Teacher></Teachers_List><Subjects_List><Subject><Name>Unix</Name><No_Theory>2</No_Theory><No_Practical>2</No_Practical></Subject></Subjects_List><Rooms_List><Room><Name>601</Name><Type>SALLE</Type><Capacity>30</Capacity></Room><Room><Name>603</Name><Type>LABO</Type><Capacity>30</Capacity></Room></Rooms_List><Subjects_Alloc_List><SubjectAlloc><Name>Unix</Name><Theory><Teacher>Jean</Teacher><Student>M1</Student></Theory><Practical><Teacher>Jean</Teacher><Student>G1</Student><Student>G2</Student></Practical></SubjectAlloc></Subjects_Alloc_List><Activity_List><Activity Duration="1" ID="0" Student="M1" Subject="Unix" Tag="TH" Teacher="Jean"><Room>-Not alloacte yet-</Room></Activity><Activity Duration="1" ID="1" Student="M1" Subject="Unix" Tag="TH" Teacher="Jean"><Room>-Not alloacte yet-</Room></Activity><Activity Duration="1" ID="2" Student="G1" Subject="Unix" Tag="PR" Teacher="Jean"/><Activity Duration="1" ID="3" Student="G2" Subject="Unix" Tag="PR" Teacher="Jean"/></Activity_List></TTGS>
